{
    "Track ID": "2",
    "radius": "0.1",
    "Input size": 112,
    "Output size": 73,
    "running time (secs)": 0.0295,
    "Input lattitude": [
        -109394.394198589,
        -109394.42321637801,
        -109394.42321637801,
        -109394.42321637801,
        -109389.940189541,
        -109386.031368379,
        -109383.58070477299,
        -109382.92993340599,
        -109385.442666704,
        -109388.976451446,
        -109392.86303702,
        -109395.848167205,
        -109398.12585873799,
        -109400.39121779699,
        -109402.937450586,
        -109404.456811417,
        -109407.101935088,
        -109409.149805608,
        -109409.218740574,
        -109411.148943361,
        -109414.32326776,
        -109418.928712691,
        -109423.469125856,
        -109425.803954512,
        -109426.395313217,
        -109426.395313217,
        -109426.395313217,
        -109426.60969711699,
        -109428.60966487,
        -109431.53046112,
        -109435.076521971,
        -109441.01382613,
        -109446.848104324,
        -109452.775946114,
        -109459.46728475599,
        -109467.185939207,
        -109473.015742741,
        -109477.86443826101,
        -109484.45865248899,
        -109490.483216518,
        -109497.94031983,
        -109504.37596895499,
        -109510.185932797,
        -109516.480116529,
        -109519.461678284,
        -109524.56851914199,
        -109531.169222622,
        -109537.359657269,
        -109542.564297289,
        -109545.60366732499,
        -109551.05602622799,
        -109557.183655362,
        -109564.599836807,
        -109572.25486531299,
        -109582.645013042,
        -109592.670047711,
        -109603.340326289,
        -109616.459030409,
        -109627.094050316,
        -109639.731912507,
        -109649.785320979,
        -109656.844000839,
        -109659.20444671401,
        -109661.080889898,
        -109663.018114565,
        -109664.67211295299,
        -109669.82125521,
        -109676.419823474,
        -109681.432651831,
        -109687.186048181,
        -109692.736851925,
        -109694.520433162,
        -109695.97536902601,
        -109698.52754315801,
        -109701.69469204001,
        -109704.145056795,
        -109704.823388452,
        -109703.248352321,
        -109702.03085514999,
        -109702.40757596001,
        -109704.63912428601,
        -109707.42724689399,
        -109710.545051758,
        -109714.066851739,
        -109718.68273977,
        -109720.195093279,
        -109721.535787811,
        -109723.853980217,
        -109725.870409604,
        -109728.66707141,
        -109731.819628945,
        -109732.900785187,
        -109733.13958535099,
        -109733.13958535099,
        -109734.062499978,
        -109735.55178647001,
        -109738.802641552,
        -109740.912270299,
        -109741.847406868,
        -109742.85928424599,
        -109743.62948019999,
        -109744.22232926599,
        -109744.799736882,
        -109745.460732324,
        -109746.733426089,
        -109747.969421715,
        -109748.781946833,
        -109749.433422145,
        -109749.433422145,
        -109749.615481927,
        -109749.615481927,
        -109749.615481927,
        -109749.615481927
    ],
    "Input longitude": [
        -370624.283811754,
        -370625.69922389,
        -370625.69922389,
        -370625.69922389,
        -370628.040561796,
        -370629.643381166,
        -370627.89782982203,
        -370623.72392136295,
        -370617.623761861,
        -370610.577138091,
        -370603.40134836204,
        -370597.757046112,
        -370593.546545551,
        -370589.944008603,
        -370589.08552626794,
        -370589.93242675695,
        -370592.093307299,
        -370593.80786018603,
        -370593.826224655,
        -370595.581219005,
        -370598.464342116,
        -370602.95261613,
        -370607.462389275,
        -370609.680232943,
        -370610.19455344003,
        -370610.19455344003,
        -370610.19455344003,
        -370610.417000768,
        -370612.328030135,
        -370615.523335932,
        -370619.21527729405,
        -370621.53400036204,
        -370623.046854073,
        -370625.165384282,
        -370628.12711828697,
        -370630.88685173,
        -370633.53116611997,
        -370638.136913417,
        -370644.57854395796,
        -370650.08034858,
        -370657.111502789,
        -370663.287864546,
        -370668.71676958795,
        -370672.49843744695,
        -370673.89942836,
        -370676.607668382,
        -370680.128866316,
        -370683.46468491,
        -370686.190611861,
        -370687.690439177,
        -370690.663435052,
        -370693.744433104,
        -370695.15163854597,
        -370694.59675052896,
        -370693.73473966203,
        -370693.00384602696,
        -370692.47490638,
        -370691.78997781,
        -370691.043829326,
        -370690.34974594106,
        -370689.742900108,
        -370685.0669225,
        -370676.889838326,
        -370668.86307788006,
        -370660.084525239,
        -370653.403308881,
        -370649.91466768703,
        -370652.842497491,
        -370655.74942063895,
        -370659.98315862403,
        -370664.60304890905,
        -370666.01180236804,
        -370667.169062406,
        -370669.367021317,
        -370671.957013014,
        -370673.989553389,
        -370673.53791491897,
        -370671.53374223603,
        -370670.47263075603,
        -370668.729979152,
        -370665.993955823,
        -370663.210749768,
        -370664.765576293,
        -370667.788492814,
        -370671.774817216,
        -370673.255290329,
        -370674.431150355,
        -370676.18532036804,
        -370677.77183972194,
        -370679.989983138,
        -370682.447143624,
        -370683.559559915,
        -370683.913004652,
        -370683.913004652,
        -370684.817571867,
        -370685.78429836896,
        -370688.123792686,
        -370689.424370995,
        -370688.614803445,
        -370687.222043496,
        -370686.312178265,
        -370685.598169878,
        -370684.89688182,
        -370684.142251994,
        -370682.421494243,
        -370680.67640578904,
        -370679.855940568,
        -370679.09723018704,
        -370679.09723018704,
        -370678.894370718,
        -370678.894370718,
        -370678.894370718,
        -370678.894370718
    ],