{
    "Track ID": "1",
    "radiusInput sizeOutput size": "0.01",
    "running time (secs)": 89,
    "Input lattitude": 25,
    "Input longitude": -1669888787.8797,
    "Output lattitude": [
        -109393.413858164,
        -109393.41385769,
        -109393.23947871801,
        -109392.105616561,
        -109389.389789911,
        -109385.43591151401,
        -109383.46057650501,
        -109384.484455051,
        -109386.660746204,
        -109389.862284613,
        -109393.429131892,
        -109396.414360875,
        -109398.579141531,
        -109400.77290201801,
        -109403.891021306,
        -109407.463806047,
        -109411.793936124,
        -109414.799027875,
        -109415.32508608,
        -109415.32508608,
        -109415.32508608,
        -109415.32508608,
        -109415.32508608,
        -109415.32508608,
        -109415.32508608,
        -109415.32508608,
        -109415.422095559,
        -109417.422658859,
        -109421.00072401599,
        -109424.436046914,
        -109427.83282087,
        -109430.483969072,
        -109430.89625558899,
        -109431.57098505001,
        -109433.1306032,
        -109434.934531745,
        -109437.307342081,
        -109439.49070593399,
        -109440.88806882901,
        -109441.134427653,
        -109441.64660116601,
        -109442.22403620201,
        -109441.10383763,
        -109437.14951347101,
        -109431.917869049,
        -109426.62024373501,
        -109422.370402321,
        -109418.834994225,
        -109416.974315862,
        -109416.974315862,
        -109416.974315862,
        -109416.974315862,
        -109416.974315862,
        -109416.974315862,
        -109416.974315862,
        -109416.974315862,
        -109416.974315862,
        -109416.974315862,
        -109416.974315862,
        -109416.974315862,
        -109416.974315862,
        -109416.974315862,
        -109416.974315862,
        -109416.974315862,
        -109414.732738477,
        -109413.822594917,
        -109416.64398163301,
        -109419.52547707,
        -109422.81490734,
        -109427.139552684,
        -109431.659277627,
        -109436.276323061,
        -109441.91871080801,
        -109448.888658677,
        -109454.36955242901,
        -109456.515766134,
        -109456.515766134,
        -109456.515766134,
        -109457.54413154599,
        -109460.552569933,
        -109463.32507157701,
        -109467.79571190501,
        -109470.511943627,
        -109470.851028346,
        -109470.853174565,
        -109470.853174565,
        -109470.853174565,
        -109470.853174565,
        -109470.853174565,
        -109470.853174565
    ],
    "Output longitude": [
        -370627.421097422,
        -370627.421097809,
        -370627.645137212,
        -370628.43045544496,
        -370628.785984113,
        -370628.386631358,
        -370625.875627021,
        -370619.998251528,
        -370614.989339645,
        -370608.19219726097,
        -370600.866959415,
        -370595.030996298,
        -370591.213205945,
        -370587.290032396,
        -370582.908757149,
        -370579.92226922896,
        -370576.397274353,
        -370573.913752163,
        -370573.457786884,
        -370573.457786884,
        -370573.457786884,
        -370573.457786884,
        -370573.457786884,
        -370573.457786884,
        -370573.457786884,
        -370573.457786884,
        -370573.3795467,
        -370571.659304346,
        -370568.33161462995,
        -370565.51055346604,
        -370563.67219418596,
        -370562.007891263,
        -370558.792710436,
        -370552.885005004,
        -370546.64512766997,
        -370539.90627263306,
        -370531.333557592,
        -370523.363894564,
        -370519.16335502,
        -370518.44717417,
        -370516.450552908,
        -370512.78190061403,
        -370510.435425217,
        -370510.00327826105,
        -370509.99264981796,
        -370509.77995534503,
        -370508.99772868,
        -370507.76293395204,
        -370507.02980692795,
        -370507.02980692795,
        -370507.02980692795,
        -370507.02980692795,
        -370507.02980692795,
        -370507.02980692795,
        -370507.02980692795,
        -370507.02980692795,
        -370507.02980692795,
        -370507.02980692795,
        -370507.02980692795,
        -370507.02980692795,
        -370507.02980692795,
        -370507.02980692795,
        -370507.02980692795,
        -370507.02980692795,
        -370505.875545648,
        -370501.867793554,
        -370497.71358248894,
        -370493.93885776703,
        -370489.80694470304,
        -370484.18462543,
        -370478.404749664,
        -370473.842152565,
        -370469.29708154104,
        -370464.590382433,
        -370461.909219212,
        -370461.19885960204,
        -370461.19885960204,
        -370461.19885960204,
        -370461.003641493,
        -370459.84689375205,
        -370458.77141709096,
        -370457.24587306206,
        -370456.852790102,
        -370457.68431318103,
        -370457.828606557,
        -370457.828606557,
        -370457.828606557,
        -370457.828606557,
        -370457.828606557,
        -370457.828606557
    ]
}