{
    "Input lattitude": [
        -109088.58959999999,
        -109088.7542,
        -109088.8581,
        -109088.792,
        -109088.79,
        -109088.7897,
        -109088.7908,
        -109088.7925,
        -109088.7916,
        -109088.8031
    ],
    "Input longitude": [
        -370522.3934,
        -370523.70089999994,
        -370523.65989999997,
        -370523.6119,
        -370523.61299999995,
        -370523.61329999997,
        -370523.61840000004,
        -370523.61929999996,
        -370523.62320000003,
        -370523.81240000005
    ],
    "Input size": 179,
    "Output lattitude": [
        -109088.62863970848,
        -109088.49728752194
    ],
    "Output longitude": [
        -370522.27228033287,
        -370524.45592727873
    ],
    "Output size": 1,
    "running time (secs)": 9.082
}