{
    "Input lattitude": [
        -109088.92959999999,
        -109090.4785,
        -109097.3536,
        -109101.0518,
        -109100.0414,
        -109104.8646,
        -109113.5943,
        -109122.9152,
        -109134.2033,
        -109143.1659
    ],
    "Input longitude": [
        -370523.71540000004,
        -370526.06320000003,
        -370526.61209999997,
        -370526.18270000006,
        -370525.6681,
        -370526.0013,
        -370526.9498,
        -370527.73219999997,
        -370527.0886,
        -370527.85319999995
    ],
    "Input size": 128,
    "Output lattitude": [
        -109088.5173806471,
        -109100.44949905809,
        -109114.37051123058,
        -109143.70674834994
    ],
    "Output longitude": [
        -370524.60280371225,
        -370526.1751401758,
        -370526.8227373186,
        -370528.2532971594
    ],
    "Output size": 3,
    "running time (secs)": 2.8888
}