{
    "Input lattitude": [
        -109054.20319999999,
        -109068.82660000001,
        -109078.2693,
        -109080.96370000001,
        -109080.95319999999,
        -109080.9546,
        -109081.052,
        -109082.1053,
        -109087.32920000001,
        -109088.1375
    ],
    "Input longitude": [
        -370481.9449,
        -370481.9138,
        -370480.98510000005,
        -370481.0122,
        -370481.02800000005,
        -370481.0238,
        -370481.05049999995,
        -370481.01090000005,
        -370480.90979999996,
        -370487.5819
    ],
    "Input size": 13,
    "Output lattitude": [
        -109054.98190181576,
        -109086.47332372348,
        -109088.68665520055
    ],
    "Output longitude": [
        -370482.3780008165,
        -370480.8227120644,
        -370487.1206319652
    ],
    "Output size": 2,
    "running time (secs)": 7.5772
}