{
    "Input lattitude": [
        -109031.6197,
        -109035.05279999999,
        -109044.166,
        -109056.6667,
        -109066.54359999999,
        -109068.8271,
        -109069.84039999999,
        -109074.4522,
        -109077.5002,
        -109081.4574
    ],
    "Input longitude": [
        -370482.9366,
        -370482.61789999995,
        -370482.09,
        -370482.6027,
        -370482.34890000004,
        -370482.6517,
        -370482.6304,
        -370481.7327,
        -370481.2751,
        -370481.15770000004
    ],
    "Input size": 22,
    "Output lattitude": [
        -109031.03516772037,
        -109081.23752695994
    ],
    "Output longitude": [
        -370483.07523145666,
        -370481.4207610394
    ],
    "Output size": 1,
    "running time (secs)": 9.9553
}