{
    "Input lattitude": [
        -108969.0567,
        -108969.056,
        -108969.0555,
        -108969.0549,
        -108969.0548,
        -108969.055,
        -108969.0548,
        -108969.055,
        -108969.05540000001,
        -108969.0564
    ],
    "Input longitude": [
        -370534.1903,
        -370534.1898,
        -370534.18909999996,
        -370534.18700000003,
        -370534.18559999997,
        -370534.1849,
        -370534.1843,
        -370534.1849,
        -370534.18379999994,
        -370534.18389999995
    ],
    "Input size": 175,
    "Output lattitude": [
        -108969.57955697028,
        -108969.43831575467
    ],
    "Output longitude": [
        -370533.5805331292,
        -370534.45141006436
    ],
    "Output size": 1,
    "running time (secs)": 12.0729
}