{
    "Input lattitude": [
        -109045.15800000001,
        -109048.774,
        -109069.758,
        -109074.13900000001,
        -109099.1479,
        -109103.7043,
        -109103.97189999999,
        -109103.8495,
        -109104.57199999999,
        -109103.84240000001
    ],
    "Input longitude": [
        -370607.683,
        -370609.02200000006,
        -370617.381,
        -370617.585,
        -370636.8091,
        -370638.20399999997,
        -370638.48970000003,
        -370638.6146,
        -370636.81700000004,
        -370638.62120000005
    ],
    "Input size": 107,
    "Output lattitude": [
        -109044.31387249316,
        -109069.74634449268,
        -109098.96577284664,
        -109104.94434718159,
        -109103.39108281198
    ],
    "Output longitude": [
        -370607.22340532794,
        -370616.9018247705,
        -370637.63823969546,
        -370637.7054762456,
        -370638.9512674418
    ],
    "Output size": 4,
    "running time (secs)": 2.8924
}