{
    "Input lattitude": [
        -109437.77190710799,
        -109438.01133701699,
        -109438.01133701699,
        -109438.01133701699,
        -109438.974733032,
        -109439.14011944599,
        -109439.10549651,
        -109439.100238483,
        -109439.05683932499,
        -109438.91477207902
    ],
    "Input longitude": [
        -370523.44205956004,
        -370524.36890013295,
        -370524.36890013295,
        -370524.36890013295,
        -370527.193316049,
        -370527.80135766504,
        -370527.95823447395,
        -370527.750952233,
        -370527.64746456104,
        -370527.54024181794
    ],
    "Input size": 19,
    "Output lattitude": [
        -109436.93132912839,
        -109439.24205093493
    ],
    "Output longitude": [
        -370523.54971020005,
        -370526.95306075155
    ],
    "Output size": 1,
    "running time (secs)": 9.4807
}