{
    "Input lattitude": [
        -109393.413858164,
        -109393.41385769,
        -109393.23947871802,
        -109392.105616561,
        -109389.389789911,
        -109385.435911514,
        -109383.460576505,
        -109384.48445505099,
        -109386.660746204,
        -109389.86228461302
    ],
    "Input longitude": [
        -370627.421097422,
        -370627.421097809,
        -370627.64513721206,
        -370628.43045544496,
        -370628.78598411294,
        -370628.38663135795,
        -370625.8756270211,
        -370619.99825152796,
        -370614.989339645,
        -370608.19219726097
    ],
    "Input size": 89,
    "Output lattitude": [
        -109394.07083452116,
        -109389.89775128546,
        -109382.65216358914,
        -109389.7329697641
    ],
    "Output longitude": [
        -370626.96099959215,
        -370629.3022728303,
        -370625.4251843169,
        -370608.76472299284
    ],
    "Output size": 3,
    "running time (secs)": 3.4572
}