{
    "Input lattitude": [
        -109394.39419858901,
        -109394.42321637801,
        -109394.42321637801,
        -109394.42321637801,
        -109389.940189541,
        -109386.031368379,
        -109383.58070477299,
        -109382.92993340599,
        -109385.44266670401,
        -109388.97645144598
    ],
    "Input longitude": [
        -370624.283811754,
        -370625.69922389,
        -370625.69922389,
        -370625.69922389,
        -370628.040561796,
        -370629.643381166,
        -370627.89782982203,
        -370623.72392136295,
        -370617.623761861,
        -370610.577138091
    ],
    "Input size": 112,
    "Output lattitude": [
        -109394.40378052948,
        -109390.73302845332,
        -109382.73161901426,
        -109388.28082556411
    ],
    "Output longitude": [
        -370623.8330371473,
        -370628.2982293307,
        -370627.50712725316,
        -370610.0249966036
    ],
    "Output size": 3,
    "running time (secs)": 3.2015
}