{
    "Input lattitude": [
        -109108.46810000001,
        -109108.48270000001,
        -109108.48659999999,
        -109108.48760000001,
        -109108.4877,
        -109108.4878,
        -109108.4879,
        -109110.8778,
        -109110.1406,
        -109110.64689999999
    ],
    "Input longitude": [
        -370716.66120000003,
        -370716.6627,
        -370716.6643,
        -370716.6642,
        -370716.66479999997,
        -370716.6644,
        -370716.664,
        -370713.4133,
        -370709.79360000003,
        -370703.9257
    ],
    "Input size": 141,
    "Output lattitude": [
        -109108.18615555776,
        -109111.40921397644
    ],
    "Output longitude": [
        -370716.4119738986,
        -370704.40733299166
    ],
    "Output size": 1,
    "running time (secs)": 9.195
}